SuperCategory,AUC_Base_Mean,AUC_Base_Std,AUC_OnlyRat_Mean,AUC_OnlyRat_Std
alt,0.5416176470588235,0.06782232330823931,0.5326470588235294,0.08117265749249845
comp,0.5168444747096432,0.09217482240881414,0.4888084969545644,0.01789531643554765
misc,0.5358730158730158,0.0897053036038591,0.564078144078144,0.045553158324445425
rec,0.485666971219735,0.03711668591389351,0.4929162859753312,0.03722202537508023
sci,0.48108170946132506,0.05980627732061676,0.47262304372466096,0.032872553748657364
soc,0.5585909090909091,0.14859412799984079,0.5035000000000001,0.10328305006026917
talk,0.5581583888035502,0.07631779749708056,0.4804830175797917,0.036090339540086724
